Dates,A,B,C,D
01/01/2000,1.339091087,-0.163643059,-0.646442553,1.041232589
02/01/2000,-0.774984089,0.137034364,-0.882715915,-2.25338189
03/01/2000,-0.921037168,-0.482943221,-0.417099644,0.478637517
04/01/2000,-1.738807548,-0.072973293,0.056516577,0.015084964
05/01/2000,-0.905980032,1.778575527,0.381917513,0.291435556
06/01/2000,-0.891164753,0.741147445,0.2374822,-1.501908501
07/01/2000,1.111132314,0.287674003,0.183011759,1.359046222
08/01/2000,-1.290901082,-0.549246793,-0.825183435,0.328940016
09/01/2000,-1.689654535,0.818015529,1.137703717,0.334529799
10/01/2000,0.416579917,-1.188162164,0.753228675,-0.728224054
11/01/2000,0.328968117,-1.087598335,1.352826874,0.99773288
12/01/2000,0.263585064,-0.187620087,-1.083475015,-0.099249987
13/01/2000,-0.29300724,-0.813710372,2.726992974,1.869973172
14/01/2000,1.108677892,-0.33978166,1.923170344,0.156139776
15/01/2000,1.818885735,0.979137411,0.554316918,0.564793372
16/01/2000,1.027912814,0.419563842,0.684418988,-2.063247981
17/01/2000,-0.016772314,0.078901657,-0.27182568,1.955716927
18/01/2000,0.430984573,-0.41580265,1.373314845,-0.384551253
19/01/2000,-0.032470872,-0.430988282,-0.462091179,-0.111965014
20/01/2000,-1.350662917,0.522400414,0.675805569,1.265996266
21/01/2000,-3.693201135,0.113584204,-1.396540624,-0.511651831
22/01/2000,0.150586043,-0.062599316,-2.156833156,0.371904924
23/01/2000,1.250711099,-1.827653382,1.383236108,0.180290444
24/01/2000,-0.388994456,-2.232772619,1.463253858,-0.408696316
25/01/2000,0.537929145,1.245083648,-1.643805902,1.285649732
26/01/2000,0.876444237,0.54112988,-0.11971063,1.496264773
27/01/2000,-0.334721127,-0.770385866,-0.322351539,0.024414838
28/01/2000,-0.185825611,0.123725882,1.177777093,0.800961743
29/01/2000,-0.302942032,0.779980653,-0.18652896,1.200556216
30/01/2000,0.391695443,1.857841338,0.841039628,0.816690455
31/01/2000,1.53401267,0.341497154,1.654697673,-0.476432446
01/02/2000,-0.009653595,0.418320229,1.339987033,0.36980293
02/02/2000,-0.518425385,-0.478295862,-1.045842414,-1.315063077
03/02/2000,-0.883612289,-0.82500272,0.509919564,0.330263549
04/02/2000,-0.409171753,-2.213605376,0.439530652,-0.266009568
05/02/2000,-0.156361714,-1.059009424,-1.739454079,0.641480282
06/02/2000,0.975060008,-1.165890767,-0.709503437,2.641867644
07/02/2000,0.005306757,0.497221892,1.09960578,-0.699163857
08/02/2000,0.669252578,0.094332187,-0.382302138,-2.142954525
09/02/2000,0.086462689,-2.28948716,-0.426076349,0.193844289
10/02/2000,-0.120828665,0.181260786,0.978206504,1.201424155
11/02/2000,1.404176793,-0.585269568,-0.036195689,1.14068924
12/02/2000,-0.188864105,0.043074229,1.648442425,2.411106113
13/02/2000,0.363112455,-0.657738901,-1.2279727,-0.051868701
14/02/2000,-0.003067702,0.216070605,0.700053821,-1.760230189
15/02/2000,0.154691037,-0.706319274,-1.861527072,0.233640413
16/02/2000,-0.410319363,-0.101100518,-0.179478668,-0.760767519
17/02/2000,0.129331252,2.522329974,-0.3666588,-0.703584522
18/02/2000,1.041715476,-0.77691997,1.525560933,0.162204115
19/02/2000,-1.148803717,-1.157793006,1.345498997,-0.037504738
20/02/2000,0.20632898,0.549117948,1.357201916,1.285188733
21/02/2000,1.300788773,0.294988268,0.253788679,-1.006338949
22/02/2000,-0.102333425,1.478065666,-1.675257407,-1.549422886
23/02/2000,-0.450007955,-0.026697241,-0.766658744,0.954344431
24/02/2000,-0.173048702,-0.633421783,-0.228853393,-1.14836812
25/02/2000,0.189555422,0.097300019,0.429439458,0.975415441
26/02/2000,0.012943375,-1.096171463,-0.690868286,-1.073525246
27/02/2000,0.159603789,1.057105684,-1.45339983,-1.355561657
28/02/2000,0.59283084,0.463887689,0.727880443,-1.096481041
29/02/2000,0.816385771,-1.074844184,-0.069381053,-0.043903795
01/03/2000,-0.790836071,-0.291332718,-1.555071972,-0.16554332
02/03/2000,-2.098143438,-0.594110969,-0.295181378,-0.215910039
03/03/2000,-0.166839666,0.47767554,-0.119423784,-0.546515994
04/03/2000,-0.919355854,1.437287555,-1.090472444,-3.016632181
05/03/2000,0.746057987,-1.414862408,-0.10215754,0.006394949
06/03/2000,0.314422096,-0.489494265,-1.219043178,1.506717513
07/03/2000,1.130833947,0.082669692,1.476685277,0.073629642
08/03/2000,-0.943512052,0.809377432,0.942978759,-0.167361009
09/03/2000,-0.633209585,1.245363499,-0.894465136,0.898132409
10/03/2000,-0.38531923,-1.173968609,-1.158731119,-0.054728559
11/03/2000,0.524080955,1.105149645,-0.879198446,0.878871812
12/03/2000,1.399149225,0.246546742,-0.160808135,-0.078316307
13/03/2000,-1.116298925,0.634168271,0.801393106,1.885236624
14/03/2000,-0.184073442,1.00834773,1.283722718,0.092003797
15/03/2000,0.034715099,-0.510268216,0.713545961,-0.190547106
16/03/2000,-0.183217252,-0.631698483,-0.772873633,-0.195735929
17/03/2000,-0.558434347,0.292113904,-0.95126178,0.710084964
18/03/2000,0.553002285,2.173454339,0.56265988,0.098112401
19/03/2000,0.938618237,0.488479217,1.114278305,-1.302644119
20/03/2000,0.732363023,-0.09754897,0.290554205,0.237091566
21/03/2000,-0.515490223,-0.623351351,0.321587802,0.462336838
22/03/2000,0.803201312,-0.781576395,0.735743593,0.006632522
23/03/2000,0.970938142,0.167405054,-1.97578738,-0.085354182
24/03/2000,0.049374837,-0.608720523,-0.416593585,0.648034854
25/03/2000,-0.598910708,0.55702584,1.668360209,0.706000468
26/03/2000,-0.709645584,-1.070921744,0.12303853,-1.597267762
27/03/2000,-1.009224867,-0.242606584,0.476573526,0.5417816
28/03/2000,-0.655135139,1.830656782,1.624091478,0.175557089
29/03/2000,-0.399009107,-2.002995618,-2.14183754,0.217973835
30/03/2000,0.545870855,1.046029885,0.59014847,-0.333486663
31/03/2000,-0.586867318,0.115327823,1.419449802,-1.391711814
01/04/2000,1.204682566,0.491473434,0.736980479,0.242558628
02/04/2000,-1.368050589,-1.145054746,-0.710295697,0.38332761
03/04/2000,-0.651424374,0.199589909,-0.961788315,1.680671339
04/04/2000,0.621920783,-0.050193254,-1.013655955,0.74884233
05/04/2000,-0.904688402,0.635586402,0.440469546,-0.315943284
06/04/2000,0.320426017,-0.323057504,0.840806184,-1.934217207
07/04/2000,1.080899977,-0.713176097,-0.016655032,-1.115938063
08/04/2000,1.553239321,0.007179598,0.033412194,-1.077337486
09/04/2000,-0.804691096,0.356259552,-1.123738588,1.111182424
10/04/2000,1.779316969,-0.212030253,-1.628072699,-0.79280493
11/04/2000,-0.538878363,-0.971199633,-0.81395407,2.452052106
12/04/2000,0.417506956,-0.606108077,-1.11458234,-0.476023207
13/04/2000,0.309599644,0.002151254,0.494622613,0.841265373
14/04/2000,0.057002371,-1.544585662,-2.225504239,-1.976058917
15/04/2000,0.652285275,1.371518103,-0.79266753,0.309217826
16/04/2000,-0.554743595,-1.047242361,-2.603835355,0.22637623
17/04/2000,1.335646712,-0.311475799,0.223214781,2.825921
18/04/2000,0.515476653,1.547401597,-2.163852766,-0.361747641
19/04/2000,-0.436323308,-1.163555128,0.070621352,-0.099052879
20/04/2000,1.980222949,-0.603404533,1.014979729,0.163597965
21/04/2000,-0.162932226,1.361158127,0.845861582,-0.004268509
22/04/2000,-1.470098931,2.008772055,-1.445290607,-0.676954957
23/04/2000,1.519366624,1.961632543,0.230390803,2.879793058
24/04/2000,-0.297726886,0.855218925,-0.446185788,0.209586332
25/04/2000,-0.343309017,1.209640282,-0.077749589,-0.647601772
26/04/2000,-0.748317307,0.239962073,-0.241610179,0.321594835
27/04/2000,-2.21033427,0.033414086,-0.736141916,-1.110030702
28/04/2000,1.522018217,0.687082041,-0.262187095,1.151383677
29/04/2000,-0.786556183,-1.949055174,0.357532152,0.184251883
30/04/2000,-2.30683875,-0.760010343,-0.050061189,-0.813889789
01/05/2000,1.37696722,-0.443207454,0.065442414,-0.33082863
02/05/2000,-0.557345225,0.244431753,0.142145892,1.23349758
03/05/2000,0.730929175,-1.224719971,-1.567026349,-0.85647423
04/05/2000,1.157758335,0.789947504,-1.418863277,0.493476074
05/05/2000,-0.682219195,-1.394161121,-0.74393135,-1.351291858
06/05/2000,0.654338525,-1.085007889,-0.863964267,1.897136879
07/05/2000,-0.352114448,-1.431851238,0.228434944,0.485282079
08/05/2000,-0.504936056,0.06766411,-0.99336908,0.75746663
09/05/2000,0.663962427,2.176588722,1.578423133,1.322677961
10/05/2000,-0.026314915,-0.208447527,-0.496568145,0.094386102
11/05/2000,0.347223875,-0.736644255,0.628454681,1.087940208
12/05/2000,0.009137813,0.626952942,0.37165259,0.289159922
13/05/2000,1.123966861,0.408790048,-0.871637338,-0.247392053
14/05/2000,0.010586633,0.078659058,-1.103172414,-1.410963409
15/05/2000,0.926034371,0.478615562,-0.579207761,1.904811108
16/05/2000,-0.639062058,-1.825941747,0.751821959,-1.463291617
17/05/2000,-0.849126312,1.904628057,-0.181407127,0.350342053
18/05/2000,0.997428407,-0.943764069,0.847215634,0.314972111
19/05/2000,0.007936361,0.481202267,-0.686090795,-1.927841284
20/05/2000,2.7681106,0.380201459,0.862157442,-1.748787527
21/05/2000,-1.100219571,1.325842892,1.028541724,0.061221454
22/05/2000,0.334291605,-1.532489419,0.06168676,-0.525311256
23/05/2000,-2.311736113,-1.647122065,-0.460466289,2.646368281
24/05/2000,-0.374001625,1.052781116,0.889047004,-1.798328412
25/05/2000,0.88583795,2.421852609,-1.924293011,0.166982514
26/05/2000,0.48947916,0.792640063,0.252872234,0.547325608
27/05/2000,-0.39455449,-0.979279224,1.637893409,0.218574178
28/05/2000,0.247860169,-0.477826217,0.056682463,0.463195792
29/05/2000,0.257223808,-0.431775336,-0.87455995,-0.498603256
30/05/2000,-0.569848419,0.149429908,-0.62786319,-1.211457238
31/05/2000,0.733407096,2.445328617,0.691858925,-0.316235646
01/06/2000,-1.127716431,0.422935296,0.036600195,-0.547357194
02/06/2000,-0.462434571,-0.188995819,-0.740854702,-1.003182177
03/06/2000,0.534962627,0.935609262,-1.561016636,0.042932291
04/06/2000,-0.025459747,2.909306306,0.439365941,2.341730842
05/06/2000,-0.615937899,0.753709367,1.234285704,0.509483026
06/06/2000,1.098582365,1.552923472,0.282374517,-0.005058624
07/06/2000,1.419253891,0.850486607,1.583186738,1.120713604
08/06/2000,-0.653672157,0.523064013,-0.139891398,0.86635151
09/06/2000,-1.047418123,0.93476074,0.005370385,0.729064962
10/06/2000,-0.150072827,1.329421645,1.730017075,0.308778666
11/06/2000,-0.147624143,1.178006711,0.881298324,1.0001612
12/06/2000,-0.310615901,0.585247843,1.063297605,-0.867802065
13/06/2000,0.250686643,-0.626544351,0.303139364,-0.377334469
14/06/2000,-2.11033786,-0.170292489,-0.617344095,-0.602816464
15/06/2000,-0.499491643,0.465350801,-1.008755305,-0.399363173
16/06/2000,-0.955793531,-0.089290729,0.843536288,-1.520861186
17/06/2000,1.493866983,-0.722901981,1.195759169,-1.795980677
18/06/2000,-0.826853894,3.199850021,-1.228032315,0.365614242
19/06/2000,0.131433541,0.468044184,2.517138435,-0.313030796
20/06/2000,-0.036636927,-0.942237132,0.294442517,0.979550908
21/06/2000,0.681464918,-0.603701167,-0.183732438,0.123917955
22/06/2000,0.436290199,0.317416887,0.096353251,0.605805605
23/06/2000,-0.677859405,-0.076994969,-1.037168256,-0.106678648
24/06/2000,-0.465977999,-0.411259605,-0.125569508,-1.866387666
25/06/2000,-0.875974241,0.122211695,0.080220173,-0.215858435
26/06/2000,1.406629857,1.283342675,-0.062224146,-0.045635393
27/06/2000,1.436203182,-0.683687267,0.836478936,0.576406412
28/06/2000,-1.128942705,1.022508024,0.26338998,-0.52842947
29/06/2000,1.20579543,-2.233854141,1.338604995,-1.966898622
30/06/2000,-0.221408797,0.724260688,0.385665256,-0.900362007
01/07/2000,0.885611426,-1.823705252,0.301646149,-1.850820174
02/07/2000,0.164324394,-0.151500715,-0.04463913,-0.079856848
03/07/2000,0.406644185,0.110691327,-0.923779271,0.382706462
04/07/2000,-1.358572307,-0.210365931,-1.243387705,-0.128355524
05/07/2000,-0.979710428,-0.034607009,0.085128059,0.340041016
06/07/2000,0.008506407,0.670796155,-0.034990817,1.290670048
07/07/2000,-0.501081627,-0.380523837,-2.583826352,1.102477479
08/07/2000,0.380570097,1.258492622,-0.795461293,0.180816417
09/07/2000,-1.171558254,0.326151266,0.49758402,1.589596632
10/07/2000,1.535851063,0.873191009,1.186759925,-0.871504491
11/07/2000,-0.416393709,-0.811056966,0.878228495,-0.40822247
12/07/2000,-2.072605911,0.42262509,-1.870192001,0.988997749
13/07/2000,-0.610442492,1.578112603,-1.156864793,-1.756581456
14/07/2000,-1.685032394,-1.859185737,-1.465055518,0.3749186
15/07/2000,-1.235499968,0.621673219,0.064782757,0.025566322
16/07/2000,-1.033157663,0.048321572,-1.864407538,1.284728501
17/07/2000,-2.411759668,1.33737431,-1.039430114,-1.438235205
18/07/2000,0.041229756,0.060753205,0.709803556,0.106165702
19/07/2000,0.671709347,-1.640227103,0.480455821,0.419313399
20/07/2000,0.32686415,0.831895186,0.560006877,0.286354656
21/07/2000,0.273747913,1.055498899,-0.920225895,1.368004403
22/07/2000,1.536995024,0.272350927,0.202862151,-0.340317805
23/07/2000,-0.805040229,0.248626541,-0.903542933,-0.410960065
24/07/2000,0.461505598,-0.551793373,0.19058645,-0.006462685
25/07/2000,1.05106846,0.989072909,0.728809186,0.35184443
26/07/2000,1.359566927,0.077655366,1.003468338,0.990613626
27/07/2000,-0.796510984,0.706033446,0.058763297,-1.62732265
28/07/2000,-0.818988274,0.618420672,-0.975028045,-0.217598683
29/07/2000,1.338423003,0.39505295,-0.664066169,0.431621961
30/07/2000,1.976993356,-1.286966186,0.796288577,-1.096284689
31/07/2000,-2.223966589,-1.182193921,0.934336639,0.407393958
01/08/2000,0.476462954,1.409332021,-0.283134232,-1.793020662
02/08/2000,-0.408089376,0.976215776,1.047329084,0.220743975
03/08/2000,-0.011442199,0.431196445,-0.760817955,1.080255293
04/08/2000,-0.07565752,0.426821577,1.490075812,0.152709288
05/08/2000,-1.092318156,-0.187645095,-0.332875538,1.663461788
06/08/2000,1.433292113,0.548817661,0.1704834,0.890945996
07/08/2000,0.073776545,-0.697064091,-0.231119844,0.851959126
08/08/2000,-1.527379716,-0.898876348,0.319902186,0.060887921
09/08/2000,1.582104536,1.081849274,-2.098950465,0.81206028
10/08/2000,0.510449642,1.551218947,0.163009292,2.182940951
11/08/2000,-0.510433845,0.608076072,0.226277743,0.301783114
12/08/2000,0.238585778,0.454609269,-0.746729569,0.611892475
13/08/2000,-0.727323299,0.779986492,0.843389627,0.766860303
14/08/2000,0.353475468,-1.63229457,-1.463351534,-1.646703307
15/08/2000,-0.187962975,-0.398566239,1.042411075,-0.002539039
16/08/2000,0.657289081,0.679139615,1.425337513,1.033521068
17/08/2000,0.540377616,-1.009105103,0.676707275,-1.045373053
18/08/2000,0.135621421,-1.866887045,-0.335471723,-0.40529814
19/08/2000,0.262426713,-1.183323607,-2.231401597,-0.544040434
20/08/2000,-1.261516009,0.423380654,-0.777547485,0.465670661
21/08/2000,2.158408992,-1.354800725,1.316139918,0.243924103
22/08/2000,1.456546063,0.909349197,1.208102494,0.095377862
23/08/2000,0.194724419,1.199399564,1.111368512,0.129597556
24/08/2000,0.343759658,1.101096327,-0.541503852,-0.493092818
25/08/2000,-1.144551761,-0.137902661,-0.361168083,1.054604927
26/08/2000,-0.320757507,-0.825758071,0.972265947,-0.99348693
27/08/2000,-0.22012457,1.697263601,-1.387350951,2.496387778
28/08/2000,-2.133130003,-1.727131283,0.033463887,-0.816555166
29/08/2000,-1.891289786,-0.240518105,1.5501295,-0.109924007
30/08/2000,0.367533722,0.003299167,1.989878388,-3.110464378
31/08/2000,0.763147709,0.426660795,1.194975331,1.023835512
01/09/2000,0.238020476,1.394466867,-1.086700634,-0.400863146
02/09/2000,0.31812897,-0.549064953,0.577126749,-1.017205188
03/09/2000,0.327106175,-0.179567103,-1.350603703,0.571729222
04/09/2000,-1.488440793,0.577308691,0.836313044,-0.464965637
05/09/2000,-2.365196929,-0.727316198,-0.296164438,0.53755754
06/09/2000,-1.195877424,0.865071453,0.589304009,0.139736185
07/09/2000,-2.048783683,-0.083822482,0.068002931,-0.070434775
08/09/2000,-1.002592497,-1.929233987,0.882663132,1.288629192
09/09/2000,1.10912821,0.545844526,0.669678859,1.907871405
10/09/2000,0.926012135,0.188863786,-0.823554453,0.614248241
11/09/2000,1.442451623,-0.454827784,-0.389276371,-1.919637022
12/09/2000,-0.692707502,-0.520163252,-0.273693625,-0.523109917
13/09/2000,-0.656796802,0.537826005,0.264985076,0.138986927
14/09/2000,0.493671648,-0.241186651,1.091362966,0.832768027
15/09/2000,-0.673135821,0.121075944,0.751242706,-0.071841758
16/09/2000,0.61861088,1.874856881,1.608593832,1.641789356
17/09/2000,1.13644346,-0.291198593,0.040542823,-0.654264944
18/09/2000,-1.325064637,0.905023718,-0.303884175,1.320117373
19/09/2000,-0.279487833,-1.301785458,1.360642243,0.74149772
20/09/2000,0.574305545,-0.040255691,0.916352081,-0.872755592
21/09/2000,-0.33047915,1.931093457,-1.253378635,-0.251384313
22/09/2000,0.366321985,-0.773986986,-0.438648165,-1.564871146
23/09/2000,1.423219107,1.977165621,0.099359601,-1.684854941
24/09/2000,0.628148396,-0.95588196,-0.012608841,0.992849532
25/09/2000,0.003609118,0.636463049,1.441797413,-0.561678113
26/09/2000,0.419144718,-0.721398366,2.07219262,0.834206927
27/09/2000,0.667154178,1.57623108,-0.410077039,0.455923108
28/09/2000,-0.309024955,0.034096524,-0.72838369,-0.538409399
29/09/2000,-0.084636416,1.372794138,0.185468069,-0.147978982
30/09/2000,0.06660234,1.82120869,1.537155215,0.275885078
01/10/2000,-0.668197419,0.195064281,-0.419171349,-1.300259157
02/10/2000,2.120693422,-0.544170196,-1.207810141,0.778639872
03/10/2000,-1.337663472,0.512514636,0.570504276,0.429645787
04/10/2000,0.482994808,1.493305571,-0.698241411,0.133211893
05/10/2000,-1.187352868,-1.857450435,-0.36103735,-0.561987776
06/10/2000,-1.054182195,-1.138437533,-0.650433923,0.27043696
07/10/2000,1.815474935,-2.162150969,0.053811998,-0.402637951
08/10/2000,-1.625203887,-2.07922641,-0.861881892,0.871046001
09/10/2000,0.32257282,-1.536983376,1.098879071,-1.983980043
10/10/2000,0.582647861,0.94638677,0.772444365,-0.968485675
11/10/2000,-0.899838445,1.083816799,1.587355223,-0.540338894
12/10/2000,0.506787586,-0.718393252,-0.801792539,0.866592596
13/10/2000,-1.933687547,-2.028981457,2.431737717,-1.202786534
14/10/2000,-1.337034163,-0.137895387,0.15881566,0.742866569
15/10/2000,-0.018492216,0.478326908,0.059995987,-1.009170989
16/10/2000,0.5432517,1.316007831,-0.24265949,-0.427625047
17/10/2000,-0.433422154,-1.658761161,-0.734497068,2.335722876
18/10/2000,-0.451956487,0.144868033,-1.026196403,0.986042149
19/10/2000,1.143665446,1.500310821,-1.076128065,-0.124627605
20/10/2000,0.038641168,0.42844556,-1.161109463,0.192083023
21/10/2000,-0.738036432,-0.976829574,0.676810814,-0.392794046
22/10/2000,-1.516029928,0.665915298,-0.141214626,-1.904452746
23/10/2000,0.690983165,0.626962074,-0.551618705,-0.143559032
24/10/2000,0.513519035,-0.290220523,-1.171686842,1.285646005
25/10/2000,0.810258431,0.276633454,0.015864327,-2.17126778
26/10/2000,1.749207226,-0.216117915,0.050901242,-0.382215618
27/10/2000,0.885993871,1.303531277,0.003844682,0.487295307
28/10/2000,0.288099446,-1.061296173,-1.219877762,1.036508831
29/10/2000,-0.24202845,-2.315235243,-0.012872022,-0.158669222
30/10/2000,0.881914141,-0.146451585,-0.286617434,0.645322641
31/10/2000,-0.485844673,1.396004317,-1.209462679,-0.680040585
01/11/2000,0.760573054,-0.527782532,0.316991748,-0.3600774
02/11/2000,-2.852503452,-0.187599413,-0.586204921,-1.038006555
03/11/2000,0.370840729,0.034813544,-1.57719519,-1.178780589
04/11/2000,0.09390294,0.834253026,1.490490342,-0.180184179
05/11/2000,-0.888722338,1.330005493,-1.178797055,0.688325899
06/11/2000,0.52807722,1.040784709,1.31570113,0.955102138
07/11/2000,0.210814447,1.775643396,-0.100176615,-0.081556414
08/11/2000,-0.385224872,0.266555805,-0.039894546,-0.29084289
09/11/2000,-1.222431688,-0.413062227,0.661435863,0.549713106
10/11/2000,-0.062652407,0.590829251,-0.725694591,0.93558714
11/11/2000,0.815846876,0.853559331,2.293408505,-0.640389053
12/11/2000,-0.617130012,1.062389865,0.340210977,0.855912299
13/11/2000,1.294695558,0.018513437,1.776106485,-1.59148873
14/11/2000,-1.511666481,-0.533361477,0.728783877,1.358436128
15/11/2000,0.637388153,2.414547804,-0.067281474,1.995621994
16/11/2000,0.206661452,-1.017768201,0.557606301,-0.439180886
17/11/2000,1.475482383,0.676959875,-0.979735638,2.012714444
18/11/2000,1.104585019,1.153737502,-1.215132058,-0.98466589
19/11/2000,0.668283581,0.422476688,-0.547216044,0.036185637
20/11/2000,-0.880688891,-0.017629955,0.980899243,0.21088683
21/11/2000,0.820078667,0.160549911,-1.30689705,-0.902004751
22/11/2000,-1.17691056,-0.979488082,0.466340427,-0.065912575
23/11/2000,-1.102609544,1.698347919,-2.370201836,-0.447890568
24/11/2000,0.788690145,1.274848306,0.424122859,0.936821784
25/11/2000,-0.781758784,-0.247452538,-0.578317072,-0.120615295
26/11/2000,-2.400572535,1.009343041,1.953698814,-0.269516836
27/11/2000,-0.136388672,-0.462285466,-0.578254453,0.203319607
28/11/2000,1.39096681,2.233727432,1.129442879,1.40007007
29/11/2000,-0.219208851,-0.627134735,-1.749802756,0.469172698
30/11/2000,1.691786322,-1.551033543,-0.88945153,0.406767668
01/12/2000,0.157367632,0.967923607,-1.181235188,-0.123545739
02/12/2000,0.513474381,-0.527944619,0.318536094,1.040012975
03/12/2000,-0.204301478,-1.029171282,0.697922858,1.744088205
04/12/2000,-1.048770779,-2.401956126,-0.568605592,2.028776334
05/12/2000,-0.507951456,-0.930402438,-1.006023724,-0.392934657
06/12/2000,0.793004605,0.6967213,0.595055492,-1.544686789
07/12/2000,-0.800830066,1.184003517,-1.516752072,0.80327813
08/12/2000,-1.152699474,0.819857775,0.519546854,0.058516733
09/12/2000,-1.059122991,0.348058298,-0.725751847,-1.339909759
10/12/2000,0.693629991,-0.335266013,-0.475303429,-0.171343035
11/12/2000,-0.517766019,-0.120482665,-1.557278807,-0.750561936
12/12/2000,-2.077401231,-0.322653295,0.271831888,1.632564378
13/12/2000,0.259788574,2.390796852,0.074632322,0.226812771
14/12/2000,0.25198832,-0.986053426,-0.051861762,1.417117322
15/12/2000,-0.029132791,-1.832182582,0.537847917,-1.796530685
16/12/2000,-0.448384325,-0.323674013,0.889886252,0.133475787
17/12/2000,-0.519816814,0.5374359,-0.495215391,-0.448889861
18/12/2000,0.165215221,-0.937914736,-0.1329826,-0.937504789
19/12/2000,-0.149540898,0.552742936,0.490211583,-0.593526006
20/12/2000,1.370193436,0.591530928,-0.314939359,0.430052797
21/12/2000,-0.887647414,2.443514455,-0.634433241,-0.550327416
22/12/2000,0.271863285,-0.521198825,0.991488354,0.532596571
23/12/2000,-0.390321957,-0.76340967,2.074868935,-0.082047773
24/12/2000,-0.844068675,0.509263758,0.751389156,-0.015206404
25/12/2000,0.421504923,-0.284360537,-0.998243026,0.885441577
26/12/2000,-0.312481242,-1.91035487,0.784717552,1.325960758
27/12/2000,1.393613557,0.724450602,0.717224168,1.074819155
28/12/2000,-0.578091224,2.469387689,-1.445821201,-0.649219052
29/12/2000,0.595991078,0.278061376,2.417984266,0.130979187
30/12/2000,1.529119508,-2.047260072,0.203248491,-0.761290313
31/12/2000,0.28143129,0.232662864,1.696883981,1.457065708
01/01/2001,0.64174389,0.447443724,-0.164966655,1.636369128
02/01/2001,0.982499726,-0.160425569,-0.345162219,-0.611851624
03/01/2001,-0.629737141,-0.055811146,-2.492253996,1.578219738
04/01/2001,0.342441506,0.945311209,-2.08990087,-1.67596394
05/01/2001,1.186245094,-2.041272825,-0.08708978,0.772873745
06/01/2001,-0.843620709,0.534598083,0.353038641,1.033964529
07/01/2001,-0.923246735,0.948915784,-1.689678215,1.208877736
08/01/2001,-0.294800751,0.682548944,0.47033929,1.081787426
09/01/2001,0.588367325,-0.049755654,-0.427720604,-1.240801601
10/01/2001,-0.552090343,-0.650327549,-0.592234229,0.178333301
11/01/2001,0.369421407,0.089046401,0.7709171,0.172318917
12/01/2001,0.238250735,2.185158528,-0.542785448,-0.740649755
13/01/2001,-0.279509475,0.266224682,-0.021411977,-0.762866298
14/01/2001,-0.585143128,-1.548296046,-0.31204297,0.351149999
15/01/2001,0.598343159,-1.162154072,0.814158089,2.261940167
16/01/2001,-1.026381059,-0.502989278,-0.324652003,1.269691242
17/01/2001,-0.564180807,0.408698696,-0.694133554,-0.100213291
18/01/2001,-1.315348475,0.272884165,-0.248100247,2.562291263
19/01/2001,0.108865752,-0.145373728,-1.07260235,-0.022289199
20/01/2001,-1.049806169,-0.67745192,1.259771824,1.192554349
21/01/2001,0.932281352,-1.080895251,0.32363491,0.281244146
22/01/2001,-0.770275425,-0.310473458,0.389499591,0.128164354
23/01/2001,-0.090568094,-0.439608116,-0.332651714,-1.114843045
24/01/2001,-0.584658112,-0.706890326,0.146431164,0.815687847
25/01/2001,-1.526309187,-0.200149428,-0.08889459,-0.884632161
26/01/2001,1.881291169,0.308201634,0.227283488,2.414219741
27/01/2001,0.169403671,-0.028941519,-0.527809403,0.223950708
28/01/2001,-0.329728075,-0.314811999,-0.384019981,-0.126736534
29/01/2001,1.540719921,-0.300739498,1.374526881,0.534648336
30/01/2001,-0.660551512,0.231568347,-0.509655727,0.623038063
31/01/2001,1.250290197,-0.233995447,0.595232302,2.842816136
01/02/2001,-0.52961427,-1.108818744,0.406580781,-0.095315471
02/02/2001,-0.646195975,-0.507447034,1.245978913,0.352540845
03/02/2001,0.08690667,-0.521990583,-0.542268488,-0.366019996
04/02/2001,0.957015774,0.448829216,1.404632042,2.370793687
05/02/2001,0.478215283,1.008679672,0.2281933,-0.135617563
06/02/2001,-0.388666164,-0.138705201,0.97022142,-0.533190686
07/02/2001,-1.097093092,-0.516816995,-1.704274771,1.112201382
08/02/2001,-0.443885159,1.592734202,0.426017716,-0.063601319
09/02/2001,-0.014553063,0.316914952,-0.298995085,1.092615137
10/02/2001,-0.132570528,0.391137364,0.110282528,-1.4525796
11/02/2001,-0.86018768,-0.781691272,0.781082204,-0.593994156
12/02/2001,-0.007787864,-0.673539085,-0.338667302,1.944223558
13/02/2001,-1.15476348,0.595335945,-0.19665676,-0.453446268
14/02/2001,0.694486463,0.389069196,-0.025902445,-0.926982693
15/02/2001,2.101270302,0.47455873,0.902039989,-1.546444416
16/02/2001,-0.369594232,0.308445903,-0.257514599,-0.893422306
17/02/2001,-0.113872671,1.773288277,-0.161138829,-1.179915786
18/02/2001,-0.009254752,0.382176457,0.22543532,-0.540640381
19/02/2001,-0.610668951,0.518259678,0.053291534,0.588359889
20/02/2001,2.014015696,-0.516919065,0.208224309,-0.583351599
21/02/2001,0.596158005,0.04672062,0.946361062,-0.711605802
22/02/2001,0.179023145,-0.190274388,0.761636629,-0.084882428
23/02/2001,-1.312708195,1.850266628,1.51799373,-0.009305821
24/02/2001,1.066796021,0.616388764,0.178537373,-1.441562307
25/02/2001,1.650535125,3.071613264,-0.709062814,0.412069391
26/02/2001,-0.396465785,0.164581127,1.248284189,-0.58140927
27/02/2001,-2.139150309,1.597177846,-0.602882884,1.352525255
28/02/2001,-0.229706837,-1.267235121,0.597461419,-0.633716456
01/03/2001,1.036613369,-0.147075241,-1.443580382,-1.199481589
02/03/2001,-1.56539553,0.336665949,-0.47750834,1.039520221
03/03/2001,-0.526866556,-0.820177933,-1.690099834,-0.897023476
04/03/2001,0.904171483,0.488589157,-0.164265847,-0.67486585
05/03/2001,-0.335103538,-0.861981694,-0.498842639,-0.895670758
06/03/2001,0.251390915,0.108232272,-1.383849023,0.841792035
07/03/2001,0.152351711,-0.180279631,0.72170887,1.242187309
08/03/2001,0.691442305,0.80220699,-0.994747956,0.281902235
09/03/2001,-0.671741055,-2.335971066,0.507168377,-1.013456946
10/03/2001,1.689453145,1.666825718,-0.694340658,-0.651880297
11/03/2001,-1.555181505,-1.629223476,0.081778181,1.43178318
12/03/2001,0.582637183,1.121429097,-0.541997222,-1.724695441
13/03/2001,0.331208731,1.413700895,0.23726766,-2.280641081
14/03/2001,-0.797197355,-0.5043624,-0.790282394,-2.113578186
15/03/2001,-0.493260202,1.344971487,0.03948442,0.295363056
16/03/2001,0.775323971,-0.37274284,0.949995345,-1.25947434
17/03/2001,-1.678971,-0.246358687,0.158668441,1.549105831
18/03/2001,-1.52989749,-0.429722881,1.287340283,-1.355823472
19/03/2001,-0.761887674,0.321786559,0.164173908,-0.741331979
20/03/2001,0.867771315,-0.905919508,0.914303496,1.083816909
21/03/2001,0.895823017,2.034499938,-0.137930285,-0.055746815
22/03/2001,0.08962374,-0.063439178,-0.00833985,0.615482604
23/03/2001,-1.075430163,-1.036849199,-0.090273744,-0.395247536
24/03/2001,-0.052611303,0.034483897,0.497478344,0.183423563
25/03/2001,0.149874483,-1.247287049,1.432171111,-0.650673879
26/03/2001,-0.466457185,-0.765395293,-0.255842963,1.059271896
27/03/2001,-1.335908082,-0.747880573,0.761211517,0.686496115
28/03/2001,-0.733156314,0.275312604,0.504554809,-0.147635048
29/03/2001,-1.614261607,-0.034369643,1.820808347,0.532746138
30/03/2001,0.326102904,0.861597982,-0.275968658,1.825484335
31/03/2001,0.995697457,-0.308525401,0.044745571,-1.045552078
01/04/2001,-0.018167704,-0.243208195,1.106381033,1.2281776
02/04/2001,-0.285018282,-0.732534707,-0.279029319,0.154878598
03/04/2001,0.052780941,0.014027106,-0.692063522,-0.920827258
04/04/2001,0.122520517,-1.061800045,-0.522281972,1.215498398
05/04/2001,-2.520533905,-1.003404204,-0.367390043,0.409304355
06/04/2001,-0.13694888,-0.464905458,-0.677818027,-0.149238701
07/04/2001,1.868760186,-0.262953811,0.708678622,1.355446764
08/04/2001,-1.181465524,1.526207299,-0.429982638,2.059924298
09/04/2001,-0.638089558,-0.943626583,0.238552255,0.35814941
10/04/2001,0.379465182,0.083671293,0.436366441,-0.689487013
11/04/2001,0.22649506,-1.1688695,-0.581524652,-0.739044242
12/04/2001,0.927954006,-0.424759405,-0.074598245,1.189624336
13/04/2001,0.612204289,-0.318405131,-1.138284091,-0.730946641
14/04/2001,0.487696291,-0.741039385,1.784185694,-0.10088423
15/04/2001,1.84300318,0.117348197,2.559410399,1.182818444
16/04/2001,1.428801481,-1.201703454,-1.387380939,-1.561260137
17/04/2001,-0.091686126,0.970661941,-0.183274057,-1.233548467
18/04/2001,-0.173598905,1.722620221,-0.659990643,0.551079377
19/04/2001,1.402047701,0.599768067,-0.777190775,1.29352758
20/04/2001,1.966388026,-0.411025229,1.089106386,-0.705411797
21/04/2001,-1.692432825,0.149255076,1.174819317,-3.182745971
22/04/2001,0.28558186,-0.651396974,-0.488292593,-0.200148523
23/04/2001,0.512359838,1.048554139,1.146373787,-0.867573492
24/04/2001,-0.257150457,-1.768708884,-1.972938916,-2.265886815
25/04/2001,-1.782739865,0.893443945,-0.221193035,-0.355498186
26/04/2001,-0.327134286,-0.440645284,-0.467601942,0.049136144
27/04/2001,1.51379281,-0.255594809,-0.720781796,0.661086824
28/04/2001,1.385260554,0.80285777,1.389888607,-0.897766763
29/04/2001,0.917600715,1.593955484,0.34246681,-0.01318387
30/04/2001,-0.077988201,1.240557497,1.110138949,-1.012431323
01/05/2001,-0.624515386,-0.973562224,-0.557829488,-2.960336122
02/05/2001,1.680032657,-2.719020376,-1.09223253,-0.960956111
03/05/2001,0.478553899,1.560923021,-0.653688122,0.851002778
04/05/2001,1.589852737,-0.245460162,-0.063658166,-0.886330965
05/05/2001,0.689752711,0.797654561,-0.048255002,0.96319697
06/05/2001,-0.864102911,1.555490368,1.019560432,1.248036441
07/05/2001,0.281463876,-0.942063318,0.014175879,1.866015068
08/05/2001,2.183146616,-0.912369638,0.726968507,-0.991264503
09/05/2001,-0.015657196,-1.250521653,-0.550249301,-1.30716005
10/05/2001,0.027746428,-0.883201901,1.126640702,-0.127151744
11/05/2001,-1.243885882,-0.479060782,-0.012738551,-1.186185593
12/05/2001,-0.19265962,0.28486167,-0.208176316,0.511087902
13/05/2001,0.74352127,-0.201124625,1.101400616,-0.182940506
14/05/2001,-0.879858077,-1.430445272,-1.020248377,1.655219758
15/05/2001,0.407898397,0.039498198,0.435157133,0.495729269
16/05/2001,-0.485696912,0.04303737,-1.284351496,-0.103857127
17/05/2001,1.360017445,0.497565055,1.005035179,0.718585087
18/05/2001,1.141089972,-1.220366567,3.210232779,-1.934201347
19/05/2001,0.241358117,-0.262070833,-1.562415862,-1.201528079
20/05/2001,0.172708583,-1.031790275,-2.192151305,0.661056358
21/05/2001,-0.442762521,-0.339283477,0.909313913,-1.050572746
22/05/2001,-1.750941082,0.131436837,0.40669841,1.559043813
23/05/2001,-0.840784029,1.050007576,0.208757121,-0.724185779
24/05/2001,-0.004119179,-0.234672065,-0.038143068,-0.057716958
25/05/2001,1.468894461,0.877865703,-0.279025816,-0.181339263
26/05/2001,0.666477832,0.46917834,1.410049626,-0.032094421
27/05/2001,0.234371041,0.663354855,0.008153441,-1.177331082
28/05/2001,-0.294311195,1.6237778,2.494532195,0.80262439
29/05/2001,2.213288657,-1.065767598,0.920545109,0.140740843
30/05/2001,0.327320095,-0.713543941,0.955849683,-0.768112491
31/05/2001,0.360824348,-0.786052004,0.955523663,-0.584412854
01/06/2001,-1.400429289,0.510192578,-0.381077692,2.404615664
02/06/2001,0.329252339,0.93301908,0.705768419,0.054104088
03/06/2001,-0.161434684,-0.511736072,-0.527536344,0.69645751
04/06/2001,0.101839069,-0.32042827,-0.087796498,0.02303414
05/06/2001,0.930125437,0.226463702,0.114592875,-0.775970805
06/06/2001,0.530619979,0.380991807,-0.314302867,0.441839244
07/06/2001,1.014501214,-0.000619215,-0.753514351,-2.012226339
08/06/2001,0.326037702,-0.603547507,0.03444817,-0.331108961
09/06/2001,0.420251074,0.675364756,0.721162602,-0.867970428
10/06/2001,-0.899972116,0.775597933,-0.251300981,0.239015102
11/06/2001,2.100026418,1.924575975,-0.576086698,-0.610919189
12/06/2001,0.689257843,0.969406643,0.57967008,-0.1257771
13/06/2001,-1.290551868,0.374960695,-1.182040661,-0.210215205
14/06/2001,-0.378231283,0.339299427,0.007935023,0.027444661
15/06/2001,-0.097229367,-0.524227635,-0.670454841,1.518971423
16/06/2001,0.103446909,-1.690877246,0.192725586,-1.156066669
17/06/2001,0.665879059,-1.009769706,0.015733874,-1.019029637
18/06/2001,-0.387707219,-0.445979787,-0.912892537,-0.588098043
19/06/2001,-1.226921593,0.62231033,0.027308169,-1.403173225
20/06/2001,1.600090501,-1.184952895,-1.73592213,-1.547919226
21/06/2001,1.546293307,-1.094857794,0.847360424,0.030854979
22/06/2001,0.308450133,-0.010440987,-1.033586989,1.428005411
23/06/2001,-0.428849716,-0.096295497,0.90775846,0.768799524
24/06/2001,0.292580955,0.263580519,2.139654873,1.372337397
25/06/2001,-0.282404968,-0.94487178,0.498807055,1.054700341
26/06/2001,0.61605284,-1.039698346,-0.969596328,0.45015093
27/06/2001,0.186116476,0.072423252,1.473332891,-1.218450331
28/06/2001,0.8600896,-0.724084452,-1.143141361,0.39214791
29/06/2001,0.226164707,-0.297617524,-0.782798665,0.681899235
30/06/2001,-0.390546637,1.135032701,0.555844778,-0.99835036
01/07/2001,0.408335385,0.341878085,-0.714315615,-0.290800527
02/07/2001,1.419600648,-0.432305044,-0.712980983,1.327953395
03/07/2001,0.363338672,-0.173589283,-0.63390237,-1.666404204
04/07/2001,-0.114784526,0.573701078,-0.120148118,-0.130716124
05/07/2001,-0.839038168,1.809936209,-0.736244963,0.116598804
06/07/2001,0.195107848,0.909078416,-1.017484918,-0.980827829
07/07/2001,1.069727613,-0.217585689,1.321579763,-1.148713252
08/07/2001,-0.255898232,-1.509856898,-0.74867639,0.187469295
09/07/2001,-0.942613822,0.095016848,-0.695423822,-0.606109316
10/07/2001,-1.071182624,-0.351481371,-0.132108671,0.523501564
11/07/2001,-1.047940547,-0.040594214,0.393891063,-0.155263172
12/07/2001,0.800137843,1.484388067,-1.464930489,-0.767856817
13/07/2001,0.218472892,1.231023352,0.180333798,-2.271372211
14/07/2001,-1.300549385,-0.729522792,-0.514018975,0.318153113
15/07/2001,-0.725808805,-0.035713885,-0.664911451,0.471883059
16/07/2001,-0.223671698,1.197455024,-1.448338879,-0.477995351
17/07/2001,-0.643202184,-1.156094551,-0.359480806,0.008295346
18/07/2001,2.52788799,-0.490425819,-0.696251703,-0.714082619
19/07/2001,0.564432681,-0.84477029,-2.151843818,-0.45336261
20/07/2001,-0.128041174,-0.902300969,1.329346561,0.078336993
21/07/2001,-0.556719301,-0.980583072,-0.453949599,0.634459042
22/07/2001,0.815304593,-0.703895074,0.718922737,1.222367019
23/07/2001,0.349306242,0.915521773,0.930847218,0.123955579
24/07/2001,-0.616575546,-0.766029659,0.929682839,1.200873306
25/07/2001,-1.663440085,-0.193659553,-1.493432197,0.145556823
26/07/2001,0.104363034,-1.284164088,0.89662818,-1.930556136
27/07/2001,-0.609751839,-0.716739728,0.558902949,0.320290019
28/07/2001,-1.104223736,-0.875773597,-0.220371975,2.557317647
29/07/2001,-1.127310022,1.648661368,0.601529979,0.767229278
30/07/2001,-0.698845505,-0.532979269,0.044034467,-0.535557676
31/07/2001,-0.306974231,-0.341544003,0.497677757,0.487866425
01/08/2001,1.621439033,-1.797613057,-1.470041249,-1.483756774
02/08/2001,-0.682598301,-0.288634388,-0.452026393,1.115633519
03/08/2001,-1.098319485,0.72290168,0.945111397,0.645948496
04/08/2001,0.258374012,-0.087301222,1.166068885,-0.180011425
05/08/2001,0.292936544,0.727212223,-0.968856903,-0.940525652
06/08/2001,-0.280133167,-0.346711978,-0.461667005,-1.950355109
07/08/2001,-0.146658229,0.105065401,-1.08626343,-2.320420666
08/08/2001,-1.867568234,-0.577820449,0.41366108,1.096304813
09/08/2001,-1.378365591,0.068598458,0.0097434,2.340132452
10/08/2001,-0.190885326,-0.122751349,0.058910092,-0.114788543
11/08/2001,0.662060542,0.962985571,1.889159627,0.399341664
12/08/2001,1.27992822,0.706863972,0.862620852,0.530195579
13/08/2001,-0.981767938,1.146876427,1.014205066,-0.129320127
14/08/2001,0.841076475,1.242277618,-0.250550402,0.679996365
15/08/2001,1.266389349,-0.759637278,1.050777273,0.970962373
16/08/2001,0.891686746,-0.518059894,-0.452628634,-0.068660054
17/08/2001,-0.362251192,0.260331169,-1.161463074,-0.399264292
18/08/2001,-0.849314388,1.164646146,0.93247413,0.75799178
19/08/2001,0.486243268,0.80167326,0.44380021,-0.099495938
20/08/2001,-0.193482496,-0.068678838,0.078842231,-0.89980948
21/08/2001,-0.821936334,0.716530096,0.30143426,-0.553857741
22/08/2001,-0.894984144,0.210140319,-0.63042098,0.361392239
23/08/2001,0.421203833,0.055316908,1.169273611,-0.229098961
24/08/2001,-1.482286021,-0.669511822,-0.209356206,-0.384269146
25/08/2001,-1.405849919,1.278081591,0.129020533,1.110315945
26/08/2001,0.816085726,0.00113729,0.013376347,0.719670637
27/08/2001,0.314904115,-1.795713055,-0.985528251,1.425943384
28/08/2001,0.722518448,1.529287565,0.122048001,1.02244475
29/08/2001,-1.111168358,1.108353368,-1.511737887,-0.195840727
30/08/2001,0.01589617,1.345762056,-1.256595439,-0.921127674
31/08/2001,1.051612428,-1.860459926,1.51274324,-2.31318432
01/09/2001,0.712259442,-1.659451941,0.155785731,0.637920142
02/09/2001,1.000376496,-1.437011596,0.608583671,2.156880169
03/09/2001,0.88590598,1.049967748,-0.341497893,-1.202865403
04/09/2001,0.132624218,-0.034527175,-0.219383813,0.027721981
05/09/2001,0.275790571,-0.826479824,0.910374124,0.526637858
06/09/2001,-0.521549536,-1.296189228,1.449383511,0.391747607
07/09/2001,0.632698375,0.403090051,1.159864757,-0.589617822
08/09/2001,-0.24146716,-1.346410657,-0.939734761,0.314808424
09/09/2001,0.163943577,-0.820468943,-0.759529047,0.026174822
10/09/2001,1.320455048,0.092002903,0.0244682,-0.655367389
11/09/2001,0.079205588,0.91658684,1.605170283,0.530093945
12/09/2001,-0.879615261,-0.151554183,-0.385067886,-0.96784644
13/09/2001,-0.951491446,-1.96662687,-1.324275546,1.430077514
14/09/2001,-0.21890901,-0.802524929,-0.204037724,-1.554421106
15/09/2001,-0.900572885,-1.86568425,0.052580772,-0.098028151
16/09/2001,-0.457004497,0.144391984,0.061501218,-0.157071232
17/09/2001,-1.008517194,1.391120459,-0.277962286,-1.5028709
18/09/2001,0.452215035,0.912155309,0.92282233,2.520136319
19/09/2001,-1.219836604,-0.969339437,0.858545409,-1.206321624
20/09/2001,1.09039623,0.24739149,-2.128065628,2.500773794
21/09/2001,0.145974198,0.327401779,-0.27170754,-0.340186826
22/09/2001,-0.135751331,0.498693316,-0.550898645,-1.406131
23/09/2001,-0.36300678,0.604999648,1.588872895,1.692374431
24/09/2001,-0.639270431,-1.278946913,-1.222783346,-0.161865729
25/09/2001,-1.633002404,0.53663412,-0.008860779,-1.728442909
26/09/2001,-0.816861198,-0.731156169,0.420019789,-0.302981132
27/09/2001,-0.185613818,0.48155479,-0.420058156,1.445614691
28/09/2001,-1.160240006,1.0386155,1.855904685,-1.111097858
29/09/2001,-0.075300714,0.085877194,0.650837641,-0.575656233
30/09/2001,-0.34100438,0.859908782,0.143823086,0.58149034
01/10/2001,-2.393495121,1.406063929,-1.081182813,-0.011597725
02/10/2001,0.500732179,1.063867076,1.056988177,-0.925936362
03/10/2001,1.286338409,0.5324062,1.430052063,-0.949680578
04/10/2001,0.703805196,-2.117278348,0.300908753,-0.649372423
05/10/2001,-0.322474359,0.488394285,0.017954515,-0.401934655
06/10/2001,0.44113043,-0.165672505,-1.096470778,-0.635075344
07/10/2001,0.450161672,0.161491611,-1.501662761,-1.304648335
08/10/2001,-1.126649868,0.100732376,0.412045204,-0.10381367
09/10/2001,0.614600396,0.327237428,-1.163533103,-1.092423087
10/10/2001,1.524476402,0.456086563,1.143912179,0.784716957
11/10/2001,-0.552850152,1.128868363,0.276736069,-0.173451133
12/10/2001,1.122787423,1.753481247,-2.185621291,-0.094797752
13/10/2001,-0.605315176,-1.236498082,-0.536642208,1.974515187
14/10/2001,0.813000944,0.217430086,0.436940999,-0.842751579
15/10/2001,1.676254889,1.464937806,-2.384478006,-1.09726949
16/10/2001,-1.175954906,0.736714982,0.085011654,-0.375360942
17/10/2001,0.079380847,-0.025901808,0.252865143,-0.533026203
18/10/2001,-1.120619194,1.102770049,0.549963339,1.111159004
19/10/2001,-1.975262847,-1.325188334,-0.505537045,0.734064097
20/10/2001,-0.160272785,0.582029561,0.167440166,-0.072936635
21/10/2001,-1.166799928,0.539995458,-0.042835831,0.353274875
22/10/2001,1.313219548,-1.995716352,0.13727116,0.875821809
23/10/2001,-0.466221443,-0.026381006,-1.889125691,-0.238116011
24/10/2001,-0.627627001,-0.400892143,-0.089966559,1.591600968
25/10/2001,0.430952474,0.19595273,-0.287097887,-0.99704199
26/10/2001,-0.459024158,0.444653034,1.071506892,-1.467530429
27/10/2001,-0.088512446,1.462930026,-0.467375137,-1.726531277
28/10/2001,0.953418018,0.261937312,-0.046873559,0.697979291
29/10/2001,-0.25248103,1.667139183,-1.908366123,-0.089736524
30/10/2001,1.81856173,-0.655929436,1.474306264,-1.456607759
31/10/2001,2.226213723,0.650774027,-1.405789903,0.532482331
01/11/2001,1.25415988,-0.411654616,-0.80556275,-0.92032065
02/11/2001,1.667042617,-0.573970778,-1.097202121,-0.199932855
03/11/2001,-0.028488229,0.527436932,-0.055984626,0.794284638
04/11/2001,0.544007219,0.56495904,-1.425485006,-2.678608129
05/11/2001,0.077748288,0.183895319,-0.11011861,-0.525585905
06/11/2001,0.165019613,1.08706554,0.229943181,0.921874974
07/11/2001,0.060722387,1.297056586,0.09139516,-0.420031471
08/11/2001,-0.591619531,0.30081394,0.403750893,-0.197115656
09/11/2001,-0.182170182,1.890724641,-0.187330153,-0.11623549
10/11/2001,-1.186747296,0.286321563,-0.252124858,2.045805641
11/11/2001,-1.262043614,0.407541856,0.272418076,-0.753526816
12/11/2001,-1.037044828,0.307931575,-1.304397163,-0.603339777
13/11/2001,0.313204856,0.301853195,1.052883425,0.840150786
14/11/2001,-0.27349438,2.00062221,0.262243582,-0.859612707
15/11/2001,-0.327456154,0.521366917,1.28277288,-1.771279946
16/11/2001,2.105826382,-0.061555644,0.661244736,1.444373497
17/11/2001,0.122663555,-0.882464028,1.502396903,1.730546501
18/11/2001,-0.73438543,-1.657059219,1.225696017,-1.089167291
19/11/2001,0.682647767,-0.027381095,-0.125819721,-0.645754707
20/11/2001,-0.670207228,0.833940474,0.218145878,-1.199249117
21/11/2001,-1.841570499,-1.210433891,-1.099588591,0.764365363
22/11/2001,-0.695051664,-1.00897583,-0.083864433,-1.920632809
23/11/2001,0.645116751,0.478041921,0.159760765,-0.728855471
24/11/2001,-1.364958313,-0.389356671,-0.887907474,-0.190245511
25/11/2001,0.496568667,-2.530952696,0.621591145,0.132248229
26/11/2001,0.853589619,-1.749601651,2.188133762,1.561417901
27/11/2001,-1.829534009,-0.497092605,-0.539377593,1.054986883
28/11/2001,0.229261369,0.949401955,1.048727062,-0.647117703
29/11/2001,1.292165764,-0.161215836,-0.67465877,-0.153335363
30/11/2001,-0.51196523,1.870759232,0.123355433,-0.419759239
01/12/2001,0.229457719,0.402489768,-0.456321047,-0.170125212
02/12/2001,-0.026084546,-1.690733026,-1.673693998,1.168806141
03/12/2001,1.263139398,-1.424148306,3.342484456,-1.036416251
04/12/2001,0.386814694,0.407999531,-0.176160267,-1.952988202
05/12/2001,-0.127284422,0.167920887,-1.776688124,-0.280213118
06/12/2001,1.472319342,-0.253004179,-0.189257838,1.133697095
07/12/2001,-0.699009483,0.664093137,0.770819401,1.099654146
08/12/2001,-1.115224107,-0.383846857,1.456792109,1.60174411
09/12/2001,0.228724805,-0.091077704,-0.992309204,-1.291216688
10/12/2001,0.431010988,0.85406365,-1.089234971,-1.006687627
11/12/2001,-0.883455911,-0.376083067,1.387992147,0.111552098
12/12/2001,-0.636304796,0.680362058,0.797665649,-2.134076523
13/12/2001,1.065282741,-0.299330722,1.117874783,-0.864696334
14/12/2001,-0.224022276,-1.043584303,0.616104435,2.412325721
15/12/2001,-0.268437158,-0.491640074,-0.628065286,-0.218875266
16/12/2001,-0.076822992,0.99775163,1.020903863,-0.280633293
17/12/2001,0.867268262,-0.249253992,1.108090099,-0.021325199
18/12/2001,-1.157423159,-1.078974318,-0.382770034,0.499296428
19/12/2001,0.034684033,2.086956798,1.474657906,0.079121554
20/12/2001,0.064676221,-1.153432669,-0.593413925,-0.263294249
21/12/2001,-0.143636067,-0.095004316,-0.030645216,-0.497797727
22/12/2001,0.561028773,1.311736446,-0.170136599,-1.836068352
23/12/2001,-0.351135319,-0.241756501,-0.137714585,0.493995412
24/12/2001,-0.098187672,-0.32260155,1.171295339,-0.577784444
25/12/2001,0.770341855,-0.808580152,-0.473611118,0.768966017
26/12/2001,0.005712726,-0.788077813,-0.597319317,-1.313448153
27/12/2001,0.931885919,1.260673323,0.05315891,1.154286991
28/12/2001,-0.285345304,-1.982008383,-0.41492897,1.80349892
29/12/2001,-0.666276412,-0.460203996,0.75970638,-0.194784521
30/12/2001,0.752663109,0.996118897,0.994817321,0.601480142
31/12/2001,-1.110700484,1.383374938,-1.300077862,0.983043674
01/01/2002,-0.43375771,0.303047136,-0.658110323,1.292400012
02/01/2002,-0.650600109,0.127842546,1.834814312,-1.020696089
03/01/2002,-1.05003957,-1.514991672,0.814764036,0.648453647
04/01/2002,-0.591246849,0.984150122,1.117626224,0.007003998
05/01/2002,1.043036511,0.110488538,-0.724076473,0.841824915
06/01/2002,-2.582656297,0.503432803,0.428454651,-1.703262222
07/01/2002,-0.208328774,0.579361356,0.485834527,1.159673652
08/01/2002,-0.780203447,1.392255969,1.538162449,1.326380434
09/01/2002,-0.639723987,0.243142518,-0.41200983,-0.01300421
10/01/2002,-0.806866428,-1.121563156,0.08681941,0.478244517
11/01/2002,-0.113374922,-0.775137236,0.475455869,-2.591955798
12/01/2002,0.35822254,-0.87746588,1.702050635,-0.045011626
13/01/2002,0.574208302,0.283663027,-0.116579646,-0.5974591
14/01/2002,-0.095963751,-0.160406882,0.001042117,0.337990838
15/01/2002,-0.485467253,-1.02523187,2.164941922,0.803982353
16/01/2002,-0.434997224,-0.317772937,-1.869600476,0.536095284
17/01/2002,1.114567087,1.099015477,0.614546348,2.350507808
18/01/2002,0.542065062,0.599419252,1.701399002,1.705189965
19/01/2002,-2.690286762,1.45855683,0.195323271,-0.30411406
20/01/2002,0.63246082,-0.471863549,-0.356045668,-0.565217496
21/01/2002,-1.86567089,0.581757048,-1.508820817,-2.836327463
22/01/2002,0.938911441,0.557793035,1.909166587,0.760978029
23/01/2002,-0.957105503,-0.082197861,0.578971034,-0.424973998
24/01/2002,0.6477268,0.821200246,1.430540065,-0.280260137
25/01/2002,-0.322519045,0.418567248,-0.425978551,-0.060102496
26/01/2002,0.411308529,0.533937034,-0.848368519,1.52824853
27/01/2002,0.269201095,0.20684073,1.123023059,1.435392261
28/01/2002,-0.242679942,-1.423233806,-0.33547479,-1.252950927
29/01/2002,-0.117671231,-0.814425102,-0.352944352,-0.287693163
30/01/2002,-1.347062898,-0.983731752,0.651127338,-0.132286402
31/01/2002,0.239507147,-0.040716178,-1.436451119,0.183277523
01/02/2002,-0.721123444,-0.898962306,1.694173439,-1.570917682
02/02/2002,-0.189420322,-0.198472325,-0.690818836,-0.449279355
03/02/2002,-0.132800178,0.194611322,0.496351557,0.512112307
04/02/2002,-0.911979274,0.652154937,-1.456530028,0.490386605
05/02/2002,0.285763416,1.202430413,0.071304652,-0.285184707
06/02/2002,-0.527239685,-1.552058577,-0.545242603,1.016414842
07/02/2002,0.53320906,-1.792624144,0.249409636,-0.629445133
08/02/2002,-0.01168989,0.435173203,0.428508813,-0.083487835
09/02/2002,-0.97028511,0.880440526,0.875822807,-1.854863466
10/02/2002,-0.278953047,-0.559321074,0.839757707,0.727784344
11/02/2002,-1.664338262,0.459468405,-0.682737126,0.302330334
12/02/2002,0.049784445,0.68038711,-1.431648358,-0.46570472
13/02/2002,1.446212475,0.962620202,1.352501537,-0.827003449
14/02/2002,-1.202853994,2.199980333,0.471110621,1.659645932
15/02/2002,-0.612523357,0.007453683,-1.877887198,2.209255233
16/02/2002,1.960202551,1.701220724,-1.370544365,1.119893926
17/02/2002,3.412236268,-1.292606084,0.546363351,0.097304077
18/02/2002,0.409287663,-0.802418146,-0.728584841,-2.59635387
19/02/2002,-0.33889192,-0.94871934,-0.966526949,-0.805898598
20/02/2002,0.612180437,0.916647021,-0.113637525,0.667417836
21/02/2002,-0.067090415,0.085059457,3.271578141,-0.044724182
22/02/2002,-1.376263228,0.486253712,-0.948946375,0.662739286
23/02/2002,0.64436331,-1.185978287,0.113450842,1.151058112
24/02/2002,-0.260251372,-0.202888087,0.633285369,-2.27366851
25/02/2002,0.074634771,-0.18587663,-1.32617923,-1.067854756
26/02/2002,-0.639218016,-0.175082188,-0.75821887,-0.284270724
27/02/2002,1.194021619,1.399630835,0.861162696,1.192850757
28/02/2002,-0.532852626,0.39729702,-0.972575651,1.06990047
01/03/2002,0.009745442,-0.842719691,0.8896585,-0.500297574
02/03/2002,0.324667208,-2.455976261,-2.987971139,0.399205724
03/03/2002,-0.620578925,0.436235112,-2.071426995,-0.263839148
04/03/2002,-0.03227349,1.443486444,0.954298969,-0.124187246
05/03/2002,-0.282822709,1.30286514,-1.266642847,0.202349498
06/03/2002,0.132276616,-0.395138937,-0.560256799,1.030881983
07/03/2002,1.250975563,-1.157466948,0.321592049,0.55086514
08/03/2002,0.843235248,0.152641395,0.44297424,1.206531986
09/03/2002,-0.08661214,1.377137657,1.293855845,0.564539435
10/03/2002,0.654204795,-1.605669271,0.32575983,-0.692392414
11/03/2002,0.521605736,-1.058091478,-0.582437395,-0.122809891
12/03/2002,0.736050954,-0.203887637,0.495767144,-1.412474972
13/03/2002,-0.818971132,0.197771751,1.130561748,0.30044053
14/03/2002,0.785574558,-0.420916894,1.217009273,-1.938911931
15/03/2002,-0.266607597,-1.971184411,-1.892072707,-0.174882668
16/03/2002,0.051541545,-0.200180078,-0.673498377,-0.608249085
17/03/2002,1.027790495,0.166103399,0.243020844,-1.248919354
18/03/2002,1.605904433,-0.634600716,-0.806293584,-0.032931732
19/03/2002,-0.603741862,2.774032009,-2.125686286,0.019261948
20/03/2002,0.293302325,0.697619295,2.608705895,1.817866027
21/03/2002,-0.720199397,-0.237975719,0.931912249,0.028314125
22/03/2002,-0.557245479,0.037053659,1.167826296,0.965384556
23/03/2002,0.875898009,0.104454259,-0.539802001,-0.662794332
24/03/2002,0.320333022,-1.133015128,0.42964448,-1.225345908
25/03/2002,-0.654735782,1.876762704,-1.156083584,1.57053154
26/03/2002,0.12962934,-1.14889051,-0.044340755,-0.948068504
27/03/2002,0.005718277,1.219071279,-0.276725055,1.224770464
28/03/2002,0.290594052,-1.103601162,0.576434161,-1.429910796
29/03/2002,2.376207627,-1.464279429,0.511633934,2.151666823
30/03/2002,-1.713759656,-1.051855999,-0.131239882,-0.656332733
31/03/2002,0.223396956,-0.574564074,-0.73842429,-0.695064016
01/04/2002,0.262131472,0.072434385,1.388574361,-1.590627067
02/04/2002,-1.065779891,0.166313961,-0.488253295,-0.561363218
03/04/2002,0.946367814,-0.832623317,0.270517858,0.438001453
04/04/2002,-0.190691248,1.604610473,-0.882906027,-0.913872241
05/04/2002,0.076385124,-1.617054023,0.334794359,0.502952213
06/04/2002,-1.325138124,-0.475326353,0.421853195,-0.365008732
07/04/2002,-1.415360096,0.395943926,-0.167029367,0.296996228
08/04/2002,-0.765249965,0.823367163,-1.331658648,0.745251785
09/04/2002,-2.370752521,-0.37187581,-2.50920026,1.422430741
10/04/2002,-0.501528487,-0.929532001,0.249592957,0.464967873
11/04/2002,-0.703737755,0.016069314,-0.286005526,0.744369329
12/04/2002,-0.565015193,1.437409706,-0.87880935,-0.864708472
13/04/2002,-0.313108556,0.514021468,-1.496109595,-0.484624569
14/04/2002,-1.237107058,-2.102785897,-1.127898449,-1.406600684
15/04/2002,-1.345334181,0.705905103,-0.134835335,0.684320604
16/04/2002,-1.298963927,0.573505513,-0.360092746,1.250305402
17/04/2002,-1.068926951,-0.783858606,-0.246860949,0.182366605
18/04/2002,0.204667734,-0.196743633,-0.360745419,-2.03041209
19/04/2002,0.171894762,0.742872441,-0.1547292,-1.544389743
20/04/2002,-1.758451328,-0.232789513,0.794280794,0.622592493
21/04/2002,-0.23650066,0.57338177,-1.231565785,0.513065184
22/04/2002,0.018177063,0.361777925,-0.513953257,0.49271481
23/04/2002,-0.253305055,0.758465637,0.331081371,-1.35590754
24/04/2002,-1.493477561,0.227602182,1.51588402,0.213397986
25/04/2002,1.178071852,0.777650097,0.091140162,0.054931015
26/04/2002,-1.237898074,0.848718238,-0.823399991,2.806571909
27/04/2002,0.769107763,1.16944975,-0.10379066,1.693153703
28/04/2002,0.147841489,-1.710419937,1.870051193,-0.159161476
29/04/2002,0.856748861,-1.628273493,0.880674748,0.648743312
30/04/2002,-1.556678212,0.981102064,-1.113296399,0.284444187
01/05/2002,-0.410187191,-0.174972645,-1.171768838,0.403292094
02/05/2002,-0.390744047,-1.256448466,-0.091586759,0.701676777
03/05/2002,0.539452595,1.70997867,-0.964726514,-0.432367584
04/05/2002,0.632926554,0.047837628,0.840214167,-0.349497211
05/05/2002,0.86799635,-1.465214625,-2.09058221,0.249221018
06/05/2002,1.042736553,0.324134715,-0.187883586,0.263876768
07/05/2002,0.121824044,-0.102982674,0.125135638,1.290331927
08/05/2002,-0.109342129,0.436250307,-0.836420189,0.503597693
09/05/2002,-0.574560971,0.210497712,-0.479748858,1.354484802
10/05/2002,1.076639818,0.260667177,-0.995713684,1.894854704
11/05/2002,-0.512165718,-0.146325221,-0.239995721,1.712592435
12/05/2002,-0.518739146,-0.171133828,0.777411889,-0.256850885
13/05/2002,-0.882524353,0.008527946,0.431393722,-0.852734207
14/05/2002,1.958019939,0.008863511,0.352177032,1.739932339
15/05/2002,0.007917437,1.119466753,0.766154545,-0.099079863
16/05/2002,1.095741121,1.94044714,0.594742043,-0.229741303
17/05/2002,-0.216973314,1.098284463,-1.382075228,0.157121706
18/05/2002,-0.120565989,0.238048653,-0.447807904,-0.102106901
19/05/2002,0.129556635,-0.751492639,0.324554727,1.41441668
20/05/2002,0.994688277,0.685244604,-0.183845985,-0.955171001
21/05/2002,-0.180900942,0.498493345,-0.168325365,-0.564669
22/05/2002,-0.255849155,-0.989506418,1.374715098,-0.163294562
23/05/2002,-0.634637026,-1.053572562,0.052170178,1.194734592
24/05/2002,1.123006718,-0.967325648,-1.202288428,0.901438644
25/05/2002,-0.546168194,-0.633556742,1.732083873,0.549689081
26/05/2002,-1.11313734,-2.154050027,0.340675427,-0.675824026
27/05/2002,0.020690745,0.555897626,0.715116766,1.952826212
28/05/2002,0.554216886,-0.359761236,-0.473599315,-0.516984518
29/05/2002,-2.004073913,-1.504359477,-0.756135701,-0.486515626
30/05/2002,-0.289584277,-0.848706398,1.65098796,1.679072595
31/05/2002,0.147752275,1.604581324,0.874322854,-0.011826564
01/06/2002,1.334113878,0.642820798,0.400849674,-0.110894352
02/06/2002,-0.472894465,0.673688408,0.555335634,0.093597832
03/06/2002,-0.275765369,1.377852419,0.937277452,0.914398146
04/06/2002,0.239233617,1.282587798,-0.762202389,-1.313865848
05/06/2002,1.053568,-0.748265474,-0.372480721,1.947606947
06/06/2002,-1.307925361,-0.426437042,-0.56905456,-0.39179127
07/06/2002,-0.017419236,1.092340704,0.354595256,-0.142430125
08/06/2002,-0.366736262,0.16615467,2.490379475,-0.063994968
09/06/2002,1.391864728,0.741354313,-2.057609977,-2.726309984
10/06/2002,-0.120735629,0.974580697,-1.254278886,1.15693127
11/06/2002,0.904828531,-0.126064292,-0.775724444,-1.229865139
12/06/2002,0.960950875,2.13431483,-1.249754798,-0.794141432
13/06/2002,1.905784189,-1.097829164,-0.418063904,0.741534751
14/06/2002,-0.753635763,-0.177942534,-1.333893083,2.184709766
15/06/2002,0.300400751,-0.081147541,-0.77431362,-0.622309948
16/06/2002,0.977138644,0.77149269,-1.284646443,-1.231947824
17/06/2002,-1.369640829,-1.184400211,1.654783987,0.184461761
18/06/2002,1.686574983,-0.991826384,-1.080520217,-0.006735037
19/06/2002,-1.061523774,-1.771522187,0.536651513,-0.454033072
20/06/2002,-1.157382895,-1.795116397,-1.199321122,0.05615653
21/06/2002,-1.172616617,0.387649448,0.120999045,-2.518938376
22/06/2002,0.297304362,0.15603651,-1.826698352,0.665006246
23/06/2002,-0.788980794,-1.014578363,0.404712527,-0.066396549
24/06/2002,0.46302229,-0.093128474,0.24989046,-0.970123435
25/06/2002,0.180474829,-0.058794775,0.165078601,-0.142055141
26/06/2002,0.90140768,0.747904982,-0.196438236,-0.559638026
27/06/2002,-0.638200093,-1.052429717,-0.549074022,-2.267497605
28/06/2002,1.066877646,1.525366241,-0.449389224,0.283805149
29/06/2002,-0.254930639,-1.374542919,0.414057177,-2.154710278
30/06/2002,-0.049361008,-0.327744357,-0.353496691,-0.090240386
01/07/2002,1.486359023,0.834704809,1.113699433,-1.416105368
02/07/2002,-2.017368887,-0.723195829,-0.624529435,-0.491036601
03/07/2002,-0.971436981,0.054060431,-0.475193141,-1.261534338
04/07/2002,1.205948485,0.648235863,-0.031734002,-0.648735003
05/07/2002,0.590312232,1.06903206,0.235458182,1.231878703
06/07/2002,0.128894474,1.820135955,0.668890339,-0.21724334
07/07/2002,-1.054199511,2.383399564,0.702490522,0.763443236
08/07/2002,-1.530556926,-0.675074837,-0.57740207,-0.877528273
09/07/2002,-0.072813784,-0.355395382,0.343856009,0.003010863
10/07/2002,0.147348612,-0.269861216,0.349977577,-0.352260188
11/07/2002,0.161966934,2.169883165,-0.498652101,-0.74656671
12/07/2002,-1.203778929,0.076280365,0.997116611,-0.862937239
13/07/2002,0.98795556,-0.297675761,1.262000341,-0.152086512
14/07/2002,-0.266694017,0.270542044,0.761775043,0.45373875
15/07/2002,-0.634588912,0.419902516,2.308077284,-0.557602357
16/07/2002,-0.624898375,1.001865523,-0.73892808,2.442447262
17/07/2002,1.158991792,1.220534903,-0.428810165,-1.272158616
18/07/2002,0.118548403,0.675486264,0.443051506,-0.106252839
19/07/2002,0.262531013,1.026434557,-0.76989351,0.671141398
20/07/2002,-0.393248442,-0.932160849,0.899596386,-1.710781437
21/07/2002,-0.228647991,-1.235788923,0.355709066,-0.644416913
22/07/2002,-0.833844024,2.196850514,0.186702756,0.61241526
23/07/2002,1.475165657,-0.247818398,-0.760244923,-0.487572802
24/07/2002,-0.509030791,0.734754845,0.736368427,0.807751025
25/07/2002,1.354689588,0.069328123,1.003005687,-0.835985927
26/07/2002,1.884714667,0.636363547,-0.668516353,-0.586694029
27/07/2002,-1.446530848,-0.165682741,-0.250219442,-1.589304159
28/07/2002,-0.654327546,0.265057572,-1.714836434,-0.310508973
29/07/2002,-0.672140183,0.590688184,-1.22407085,1.050124404
30/07/2002,0.546865916,-0.1611303,1.255090994,-0.162360789
31/07/2002,0.638731351,1.619062715,-0.156363388,-1.433806659
01/08/2002,-0.25383878,-0.707586958,-1.228227547,0.166928942
02/08/2002,-0.479998033,-0.227509755,-0.00430999,-0.427412779
03/08/2002,-1.981294857,-0.2084244,1.42328648,-0.220581451
04/08/2002,-0.294404249,-0.439520159,-0.112415695,-1.553349526
05/08/2002,0.611497389,2.61821145,1.775402657,1.199814661
06/08/2002,-0.825914166,0.602744761,0.290895753,2.038426884
07/08/2002,2.309808613,-0.131540175,-0.737028278,-0.655840929
08/08/2002,-0.153912052,-1.150430768,0.163424212,0.312616398
09/08/2002,0.004034044,0.256369748,1.21445708,-0.725402745
10/08/2002,-0.13886862,1.053386087,-0.002666162,0.092099527
11/08/2002,2.883918694,1.626665153,1.02055787,0.921622024
12/08/2002,0.265769884,0.118466895,-1.247757345,2.533278129
13/08/2002,-1.923548857,-1.374820712,-1.01226361,1.642169172
14/08/2002,0.227303864,-0.368065898,1.373385245,-0.884558563
15/08/2002,0.765096675,-1.397459905,-0.259331887,-0.881184554
16/08/2002,-0.42826262,0.26493138,0.494228692,-2.564364244
17/08/2002,1.944469403,0.900349705,-0.200937897,-0.760371036
18/08/2002,-0.757023248,-0.209486901,-0.880299846,0.740464361
19/08/2002,-0.369690066,-1.028162147,-0.344429792,2.09504845
20/08/2002,0.840240371,0.18247078,-0.271413663,-0.938121247
21/08/2002,-1.267846505,-1.748878276,0.486892718,0.167995738
22/08/2002,0.327255438,-1.237657376,-1.13547547,-0.607077368
23/08/2002,0.963294323,-0.108973863,0.270749367,-0.258459967
24/08/2002,-0.703946265,-1.364154116,2.372785627,-0.53602852
25/08/2002,1.130270132,0.593394492,0.851256272,-1.033485576
26/08/2002,-2.598160252,-1.308895302,-1.55138933,1.08475852
27/08/2002,-0.130890701,-0.214908727,-1.030337204,0.498593769
28/08/2002,-0.94555061,1.420894985,-0.589777688,0.68348188
29/08/2002,-1.225698827,0.393891726,-0.50137633,-2.230748348
30/08/2002,0.802524949,1.701675376,-0.602444767,-0.81076186
31/08/2002,-0.231610022,0.240685316,0.060443852,-0.06413526
01/09/2002,-0.038231649,-0.262957556,-1.334062156,1.496057831
02/09/2002,1.032861686,-0.41414251,-0.181952572,-0.69239392
03/09/2002,-2.383108357,-0.502582893,0.637457951,0.736151889
04/09/2002,0.880474798,0.95975894,-0.524594538,1.52584108
05/09/2002,1.376325797,-0.045998214,-0.243696192,-0.508514152
06/09/2002,-0.606429323,0.156255423,-0.042846921,0.831485322
07/09/2002,0.305145576,1.996391149,0.684396621,-0.120200345
08/09/2002,-0.437734066,-1.384751762,-0.599393655,1.017044131
09/09/2002,-0.604484941,-0.158499754,-0.97033438,-0.605929701
10/09/2002,1.478641947,-0.813482256,-0.97952788,1.810999125
11/09/2002,1.775791777,1.126894765,0.50061792,-0.651669361
12/09/2002,-0.296569155,0.605436937,-0.231708267,0.279034934
13/09/2002,-0.467640341,-0.326575358,-0.979492451,0.931248092
14/09/2002,0.593389088,1.268348434,-0.577692963,-0.174679103
15/09/2002,-0.603347975,1.642517362,1.012129161,-0.312619612
16/09/2002,0.049240432,-2.714692872,-0.729409727,0.065314295
17/09/2002,1.151561654,0.841400607,-0.81382347,0.583116556
18/09/2002,0.190293344,1.71024545,-0.297923767,-2.05415821
19/09/2002,-0.244447555,-1.09052583,0.976215955,-0.862612298
20/09/2002,0.350934399,1.748256813,1.531208804,0.624108635
21/09/2002,-0.039353822,-0.301679149,-0.842648986,-0.085582216
22/09/2002,1.013896531,-0.288679717,-0.342295182,-0.638536813
23/09/2002,-0.642658867,-0.104725188,-0.631828928,-0.909482889
24/09/2002,0.370135743,0.233218509,0.535896757,-1.552604668
25/09/2002,0.183338996,1.285783275,-1.052593012,-2.565843638
26/09/2002,0.775133195,-0.85037428,0.486728045,-1.053426607